City_ID,City,Country,Lat,Lng,Max Temp,Humidity,Cloudiness,Wind Speed,Current Description
0,Ostrovnoy,RU,68.0531,39.5131,36.14,74,85,32.57,overcast clouds
1,Snasa,NO,64.2457,12.3778,32.25,79,92,7.83,overcast clouds
2,Port Hedland,AU,-20.3167,118.5667,80.6,94,100,6.91,overcast clouds
3,Albany,US,42.6001,-73.9662,73.99,39,0,4.63,clear sky
4,Te Anau,NZ,-45.4167,167.7167,53.65,95,95,3.22,light rain
5,Keetmanshoop,NA,-26.5833,18.1333,86.0,20,0,6.91,clear sky
6,Rikitea,PF,-23.1203,-134.9692,78.75,71,2,9.51,clear sky
7,Sorland,NO,67.667,12.6934,36.66,78,86,28.16,light snow
8,Nikolskoye,RU,59.7035,30.7861,37.0,86,75,2.24,broken clouds
9,Port Elizabeth,ZA,-33.918,25.5701,64.4,94,40,5.75,scattered clouds
10,Vaini,TO,-21.2,-175.2,68.0,94,20,3.44,few clouds
11,Hilo,US,19.7297,-155.09,66.2,77,90,6.91,overcast clouds
12,Vanavara,RU,60.34,102.2797,3.29,96,14,1.74,few clouds
13,Avarua,CK,-21.2078,-159.775,77.0,100,40,2.3,scattered clouds
14,Bredasdorp,ZA,-34.5322,20.0403,62.6,88,100,4.61,overcast clouds
15,Coquimbo,CL,-29.9533,-71.3436,66.2,59,0,13.8,clear sky
16,Muzaffargarh,PK,30.0754,71.1921,80.6,36,1,6.46,haze
17,Santa Cruz Del Sur,CU,20.7147,-77.9956,83.05,59,94,10.56,light rain
18,Chokurdakh,RU,70.6333,147.9167,-33.03,100,85,3.53,overcast clouds
19,Busselton,AU,-33.65,115.3333,66.0,64,100,5.99,overcast clouds
20,Cabo San Lucas,MX,22.8909,-109.9124,77.0,69,40,10.36,scattered clouds
21,Tasiilaq,GL,65.6145,-37.6368,33.8,60,75,2.3,broken clouds
22,Mar Del Plata,AR,-38.0023,-57.5575,66.99,77,75,17.27,broken clouds
23,Palora,EC,-1.7,-77.9333,78.8,57,75,6.91,light rain
24,Warrington,GB,53.3925,-2.5802,45.0,81,40,8.05,light rain
25,Saskylakh,RU,71.9167,114.0833,-5.4,88,14,10.09,few clouds
26,Kutum,SD,14.2,24.6667,76.8,6,8,12.86,clear sky
27,Puerto Ayora,EC,-0.7393,-90.3518,81.0,85,28,10.0,scattered clouds
28,Omsukchan,RU,62.5333,155.8,-9.04,99,100,5.08,overcast clouds
29,Saint Anthony,US,45.0205,-93.218,48.0,66,90,9.22,overcast clouds
30,Bouafle,CI,6.9904,-5.7442,89.6,51,0,4.61,clear sky
31,Northam,GB,51.0333,-4.2167,48.99,71,37,7.0,scattered clouds
32,Bluff,NZ,-46.6,168.3333,55.99,93,98,3.0,light rain
33,Hay River,CA,60.8156,-115.7999,-2.2,65,93,9.22,overcast clouds
34,Lavrentiya,RU,65.5833,-171.0,-6.56,86,100,12.37,overcast clouds
35,Hobart,AU,-42.8794,147.3294,44.6,70,75,8.05,light rain
36,Druzhba,UA,52.0428,33.9453,41.94,55,4,6.24,clear sky
37,Kirakira,SB,-10.4544,161.9205,79.0,84,100,4.38,light rain
38,Ushuaia,AR,-54.8,-68.3,53.6,54,40,8.05,scattered clouds
39,Thanh Hoa,VN,19.8,105.7667,71.55,97,56,1.34,broken clouds
40,Airai,TL,-8.9266,125.4092,57.58,78,33,1.34,scattered clouds
41,Yellowknife,CA,62.456,-114.3525,6.01,60,20,11.5,few clouds
42,Vestmannaeyjar,IS,63.4427,-20.2734,35.6,64,75,9.22,broken clouds
43,Hermanus,ZA,-34.4187,19.2345,61.0,89,100,2.62,overcast clouds
44,Ngunguru,NZ,-35.6167,174.5,62.01,97,65,3.85,broken clouds
45,Jamestown,US,42.097,-79.2353,71.6,40,1,9.22,clear sky
46,Leh,IN,34.1667,77.5833,31.6,51,85,3.89,overcast clouds
47,Sistranda,NO,63.7256,8.834,35.6,87,40,13.8,scattered clouds
48,Katsuura,JP,35.1333,140.3,50.0,66,20,10.36,few clouds
49,Cidreira,BR,-30.1811,-50.2056,80.26,61,91,9.28,overcast clouds
50,Pedernales,DO,18.0384,-71.744,82.51,60,52,6.13,broken clouds
51,Kavieng,PG,-2.5744,150.7967,78.51,86,100,13.4,light rain
52,Longyearbyen,SJ,78.2186,15.6401,24.8,63,75,23.02,broken clouds
53,Akyab,MM,20.15,92.9,78.93,82,2,9.35,clear sky
54,Bowen,AU,-20.0167,148.2333,75.2,94,40,5.75,scattered clouds
55,Ilulissat,GL,69.2167,-51.1,21.2,86,90,4.61,overcast clouds
56,Butaritari,KI,3.0707,172.7902,81.23,79,100,11.16,light rain
57,Mataura,NZ,-46.1927,168.8643,57.0,93,96,3.0,overcast clouds
58,Shimoda,JP,34.6667,138.95,46.99,79,96,10.18,overcast clouds
59,Atasu,KZ,48.6814,71.6433,43.95,58,88,26.13,overcast clouds
60,Turukhansk,RU,65.8167,87.9833,32.16,98,100,17.0,snow
61,Kolda,SN,12.8833,-14.95,106.43,9,3,0.69,clear sky
62,Panna,IN,24.7167,80.2,85.59,9,38,3.44,scattered clouds
63,Ongandjera,NA,-17.8833,15.0667,78.26,25,2,5.44,clear sky
64,Severo-Kurilsk,RU,50.6789,156.125,28.99,84,100,18.21,overcast clouds
65,Lompoc,US,34.6391,-120.4579,55.4,67,94,16.11,overcast clouds
66,Punta Arenas,CL,-53.15,-70.9167,53.6,62,75,13.8,broken clouds
67,Kieta,PG,-6.2167,155.6333,77.27,89,100,2.48,light rain
68,Tokur,RU,53.1333,132.9,30.72,91,100,8.21,overcast clouds
69,La Ronge,CA,55.1001,-105.2842,35.6,60,100,10.36,overcast clouds
70,Ribeira Grande,PT,38.5167,-28.7,62.6,94,75,12.66,broken clouds
71,Saint George,US,37.1041,-113.5841,70.0,17,1,2.24,clear sky
72,Chuy,UY,-33.6971,-53.4616,67.64,96,100,9.26,moderate rain
73,Vardo,NO,70.3705,31.1107,32.68,63,99,7.9,overcast clouds
74,Bayanday,RU,53.0661,105.5139,24.1,66,53,8.05,broken clouds
75,Esperance,AU,-33.8667,121.9,57.2,88,78,10.36,broken clouds
76,Yar-Sale,RU,66.8333,70.8333,25.74,95,61,10.89,broken clouds
77,Rassvet,RU,46.8333,40.75,43.25,88,100,6.46,overcast clouds
78,Tuatapere,NZ,-46.1333,167.6833,57.0,93,96,3.0,overcast clouds
79,Panama City,PA,8.9936,-79.5197,84.2,74,40,5.75,scattered clouds
80,Bambous Virieux,MU,-20.3428,57.7575,80.01,78,40,11.5,scattered clouds
81,Chumikan,RU,54.7183,135.315,26.44,98,100,4.47,overcast clouds
82,Mecca,SA,21.4267,39.8261,78.31,44,1,9.44,clear sky
83,Nichinan,JP,31.6,131.3667,52.61,68,18,8.55,few clouds
84,Lethem,GY,3.3803,-59.7968,89.08,53,85,6.31,overcast clouds
85,Ambon,ID,-3.6954,128.1814,79.65,79,91,3.02,overcast clouds
86,Ferme-Neuve,CA,46.7001,-75.4493,69.8,49,56,8.05,broken clouds
87,Touros,BR,-5.1989,-35.4608,86.0,66,75,12.66,broken clouds
88,Rongcheng,CN,30.634,117.8517,57.24,71,99,1.83,light rain
89,Altagracia De Orituco,VE,9.8601,-66.3814,86.76,50,99,2.91,overcast clouds
90,Port Alfred,ZA,-33.5906,26.891,68.77,91,95,5.75,overcast clouds
91,Kapaa,US,22.0752,-159.319,68.0,77,90,11.5,light rain
92,Westport,US,41.1415,-73.3579,66.99,63,75,8.05,broken clouds
93,Torbay,CA,47.6666,-52.7314,32.0,93,90,19.57,snow
94,Bitam,GA,2.076,11.5007,71.62,94,97,2.64,moderate rain
95,Salgueiro,BR,-8.0742,-39.1192,89.96,34,100,11.81,overcast clouds
96,Terney,RU,45.0503,136.6092,38.32,64,12,4.83,few clouds
97,Avera,US,33.194,-82.5271,75.2,64,40,10.36,scattered clouds
98,Olafsvik,IS,64.8945,-23.7142,38.41,92,100,12.71,overcast clouds
99,Warmbad,NA,-28.45,18.7333,87.71,17,0,8.46,clear sky
100,Ponta Do Sol,PT,32.6667,-17.1,66.99,67,53,4.0,broken clouds
101,Baiyin,CN,36.5583,104.2081,44.01,93,100,8.95,overcast clouds
102,Vila Franca Do Campo,PT,37.7167,-25.4333,62.6,94,75,11.5,broken clouds
103,Morgan City,US,29.6994,-91.2068,69.8,88,1,4.61,clear sky
104,Cururupu,BR,-1.8283,-44.8683,85.39,61,23,7.67,few clouds
105,Novyy Urengoy,RU,66.0833,76.6333,31.78,87,100,9.8,overcast clouds
106,Yatou,CN,37.15,122.3833,46.89,88,96,7.54,overcast clouds
107,Tigil,RU,57.8,158.6667,-3.91,99,89,2.04,overcast clouds
108,Qaanaaq,GL,77.484,-69.3632,20.82,86,100,8.79,light snow
109,Husavik,IS,66.0449,-17.3389,35.6,38,0,6.91,clear sky
110,Provideniya,RU,64.3833,-173.3,-1.66,87,100,22.01,overcast clouds
111,Khatanga,RU,71.9667,102.5,4.62,89,98,5.77,overcast clouds
112,Luderitz,NA,-26.6481,15.1594,75.88,49,0,7.11,clear sky
113,Tarko-Sale,RU,64.9225,77.785,34.61,81,100,12.75,overcast clouds
114,Narsaq,GL,60.9167,-46.05,44.6,61,20,8.05,few clouds
115,Agropoli,IT,40.3469,14.9966,57.0,71,54,1.01,broken clouds
116,Saint-Philippe,RE,-21.3585,55.7679,80.6,65,90,3.44,light rain
117,Arraial Do Cabo,BR,-22.9661,-42.0278,84.2,47,0,18.41,clear sky
118,Taoudenni,ML,22.6783,-3.9836,97.03,9,3,10.69,clear sky
119,Lebu,CL,-37.6167,-73.65,57.63,68,5,13.15,clear sky
120,Cianorte,BR,-23.6633,-52.605,89.6,33,0,5.75,clear sky
121,Nokaneng,BW,-19.6667,22.2667,72.36,29,0,6.93,clear sky
122,Barrow,US,71.2906,-156.7887,-13.0,77,20,11.5,few clouds
123,Tabou,CI,4.423,-7.3528,82.2,79,100,12.08,overcast clouds
124,Marienburg,PL,54.0359,19.0266,44.01,78,100,4.9,overcast clouds
125,Waipawa,NZ,-41.4122,175.5153,66.0,88,75,21.85,broken clouds
126,Almunecar,ES,36.7339,-3.6907,60.01,84,46,1.99,scattered clouds
127,Ixtapa,MX,20.7,-105.2,80.6,69,1,9.22,clear sky
128,Okhotsk,RU,59.3833,143.3,22.51,93,100,8.46,light snow
129,Georgetown,MY,5.4112,100.3354,80.01,89,40,2.48,scattered clouds
130,Tiksi,RU,71.6872,128.8694,-18.33,99,69,5.39,broken clouds
131,Atuona,PF,-9.8,-139.0333,80.55,75,77,18.63,broken clouds
132,Bubaque,GW,11.2833,-15.8333,77.63,71,7,13.18,clear sky
133,Kaitangata,NZ,-46.2817,169.8464,57.0,75,100,1.99,overcast clouds
134,Emerald,AU,-23.5333,148.1667,69.8,52,58,3.44,light rain
135,Porto Novo,BJ,6.4965,2.6036,86.0,74,40,10.36,scattered clouds
136,Komsomolskiy,UZ,40.4272,71.7189,55.4,50,0,4.61,clear sky
137,Farmington,US,36.7281,-108.2187,64.99,16,1,3.44,clear sky
138,Areosa,PT,41.7178,-8.8571,60.8,82,75,6.91,broken clouds
139,North Myrtle Beach,US,33.816,-78.68,73.0,78,75,9.22,broken clouds
140,Zimovniki,RU,47.1483,42.4633,47.55,87,100,10.54,overcast clouds
141,Pingdingshan,CN,33.7385,113.3012,50.72,66,73,3.6,light rain
142,Ghanzi,BW,-21.5667,21.7833,73.15,33,1,7.2,clear sky
143,Pundaguitan,PH,6.3711,126.1689,81.05,77,99,8.9,overcast clouds
144,Felipe Carrillo Puerto,MX,19.5833,-88.05,95.4,40,66,9.33,broken clouds
145,Wetaskiwin,CA,52.9668,-113.3687,44.6,39,100,12.66,overcast clouds
146,Tiznit,MA,29.5833,-9.5,60.46,70,5,12.95,clear sky
147,Palmares Do Sul,BR,-30.2578,-50.5097,85.66,47,100,5.48,overcast clouds
148,Alyangula,AU,-13.8483,136.4192,71.6,100,84,9.01,broken clouds
149,General Pico,AR,-35.6566,-63.7568,53.13,90,100,24.87,overcast clouds
150,Vanimo,PG,-2.6741,141.3028,77.25,89,100,7.58,light rain
151,Mogadishu,SO,2.0371,45.3438,83.03,74,70,13.71,broken clouds
152,Aleksandrovka,UA,46.8383,32.7612,48.2,53,0,3.44,clear sky
153,Udachnyy,RU,66.4167,112.4,-17.39,100,22,5.82,few clouds
154,Beringovskiy,RU,63.05,179.3167,5.52,93,100,19.82,light snow
155,Hamilton,US,39.1834,-84.5333,64.99,77,90,9.22,moderate rain
156,Toro,CO,4.6117,-76.0814,77.0,65,40,8.05,scattered clouds
157,Douglas,US,41.3,-96.167,55.4,54,40,10.36,scattered clouds
158,New Norfolk,AU,-42.7826,147.0587,44.01,77,98,1.99,light rain
159,Hithadhoo,MV,-0.6,73.0833,83.77,67,84,11.88,broken clouds
160,Dharchula,IN,29.85,80.5333,59.09,22,46,8.93,scattered clouds
161,Monrovia,LR,6.3005,-10.7969,84.2,79,75,4.61,broken clouds
162,Atambua,ID,-9.1061,124.8925,71.38,82,56,2.66,broken clouds
163,Ankang,CN,32.68,109.0172,58.82,71,100,3.24,moderate rain
164,Nioro,GM,13.35,-15.75,103.87,10,3,5.41,clear sky
165,Copiapo,CL,-27.3667,-70.3333,68.0,60,0,6.91,clear sky
166,Teknaf,BD,20.8624,92.3058,76.28,90,21,5.77,few clouds
167,Duldurga,RU,50.6761,113.5931,29.5,44,68,8.19,broken clouds
168,Mino,JP,34.8269,135.4706,46.99,90,73,1.99,broken clouds
169,Hakkari,TR,37.5833,44.1667,47.28,76,59,2.89,broken clouds
170,Taltal,CL,-25.4,-70.4833,68.31,71,95,6.08,overcast clouds
171,Bengkulu,ID,-3.8004,102.2655,76.08,89,100,4.09,overcast clouds
172,Bogorodskoye,RU,56.55,37.8833,37.49,73,16,8.79,few clouds
173,Meiganga,CM,6.5167,14.3,69.91,79,100,2.17,overcast clouds
174,Talnakh,RU,69.4865,88.3972,31.75,99,100,5.57,snow
175,Orchard Homes,US,46.8633,-114.0484,48.0,56,90,18.41,light rain
176,Troitsko-Pechorsk,RU,62.7084,56.1964,32.34,95,7,7.07,clear sky
177,Iracoubo,GF,5.4802,-53.2011,81.86,73,48,6.76,light rain
178,East London,ZA,-33.0153,27.9116,68.0,94,0,2.3,clear sky
179,Lagoa,PT,39.05,-27.9833,59.68,93,100,23.29,overcast clouds
180,Wamba,NG,8.9333,8.6,90.5,32,95,3.91,overcast clouds
181,Camana,PE,-16.6228,-72.7111,72.5,73,94,9.71,overcast clouds
182,Poco Das Trincheiras,BR,-9.3125,-37.2856,85.87,46,100,14.54,overcast clouds
183,Pevek,RU,69.7008,170.3133,-26.01,98,80,2.68,broken clouds
184,Yinchuan,CN,38.4681,106.2731,48.0,69,100,4.47,overcast clouds
185,Pachino,IT,36.7186,15.0907,55.4,67,64,4.61,broken clouds
186,Portland,US,45.5234,-122.6762,48.0,61,90,18.41,overcast clouds
187,Kashmor,PK,28.4333,69.5833,86.58,9,40,7.74,scattered clouds
188,Souillac,MU,-20.5167,57.5167,78.8,78,40,11.5,scattered clouds
189,Castro,BR,-24.7911,-50.0119,78.4,38,2,2.08,clear sky
190,Abdanan,IR,32.9926,47.4198,67.57,35,66,10.98,broken clouds
191,Gat,IL,31.61,34.7642,59.0,57,31,1.01,scattered clouds
192,Ahipara,NZ,-35.1667,173.1667,62.96,94,23,0.74,few clouds
193,Kodiak,US,57.79,-152.4072,28.4,69,90,4.18,overcast clouds
194,Kosh-Agach,RU,50.0,88.6667,20.34,66,3,4.65,clear sky
195,Kochubey,RU,44.3861,46.5825,52.66,66,90,11.74,overcast clouds
196,Nome,US,64.5011,-165.4064,7.0,47,75,14.97,broken clouds
197,La Rioja,ES,42.25,-2.5,57.2,77,75,9.22,broken clouds
198,Geraldton,AU,-28.7667,114.6,77.0,47,90,20.71,overcast clouds
199,Dikson,RU,73.5069,80.5464,18.88,94,56,13.56,broken clouds
200,Okoneshnikovo,RU,54.8377,75.0834,32.41,91,89,7.76,overcast clouds
201,Cape Town,ZA,-33.9258,18.4232,66.2,77,0,12.66,clear sky
202,Azangaro,PE,-14.9167,-70.2167,59.0,51,75,8.05,broken clouds
203,Accra,GH,5.556,-0.1969,86.0,70,40,11.5,scattered clouds
204,Leningradskiy,RU,69.3833,178.4167,-16.6,99,100,2.26,overcast clouds
205,Guane,CU,22.2025,-84.0875,87.31,57,70,16.62,broken clouds
206,Mayo,US,38.8876,-76.5119,69.01,100,1,10.36,clear sky
207,Henties Bay,NA,-22.116,14.2845,73.99,64,0,5.99,clear sky
208,Rawson,AR,-43.3002,-65.1023,68.83,37,3,17.4,clear sky
209,Russell,US,32.3502,-85.1999,64.99,94,90,8.05,overcast clouds
210,Salinas,US,36.6777,-121.6555,55.4,58,40,9.22,scattered clouds
211,Necochea,AR,-38.5473,-58.7368,64.99,83,99,5.01,light rain
212,Kupang,ID,-10.1667,123.5833,76.68,87,8,1.25,clear sky
213,Tipuani,BO,-15.5648,-68.0185,80.04,79,100,2.37,overcast clouds
214,La Libertad,EC,-2.2333,-80.9,82.4,78,0,6.91,clear sky
215,Kinshasa,CD,-4.3246,15.3215,89.6,55,20,6.91,few clouds
216,Michigan City,US,41.7075,-86.895,64.99,67,90,12.39,moderate rain
217,Esso,RU,55.9333,158.7,1.09,92,21,8.39,few clouds
218,Mahibadhoo,MV,3.7833,72.9667,83.05,74,22,9.24,few clouds
219,Mirabad,AF,30.4362,61.8383,86.13,8,42,8.59,scattered clouds
220,Riyadh,SA,24.6877,46.7219,95.0,9,40,6.91,light rain
221,Muros,ES,42.7762,-9.0603,57.99,80,99,6.15,overcast clouds
222,Praya,CV,14.9215,-23.5087,77.0,65,20,20.71,few clouds
223,Gisborne,NZ,-38.6533,178.0042,69.01,76,57,1.01,broken clouds
224,Kangavar,IR,34.5043,47.9653,58.95,39,64,3.31,broken clouds
225,Ballina,AU,-28.8667,153.5667,64.4,77,7,4.61,clear sky
226,Sovetskoye,RU,52.2861,85.4131,23.58,97,55,2.53,broken clouds
227,Codrington,AU,-38.2667,141.9667,50.63,65,98,27.63,overcast clouds
228,Newry,GB,54.1784,-6.3374,44.01,64,100,3.0,overcast clouds
229,Mabay,PH,6.0577,124.4666,77.86,84,100,6.02,overcast clouds
230,Ormara,PK,25.2088,64.6357,79.95,71,0,14.07,clear sky
231,Oxbow,CA,49.2333,-102.1676,61.0,26,13,7.0,few clouds
232,Krasnopavlivka,UA,49.1372,36.3272,46.0,53,42,7.2,scattered clouds
233,Nizhniy Kuranakh,RU,58.8353,125.4869,1.53,98,84,3.96,broken clouds
234,Klaksvik,FO,62.2266,-6.589,30.2,55,40,11.5,light snow
235,Kahului,US,20.8947,-156.47,66.2,88,20,8.01,few clouds
236,Bilibino,RU,68.0546,166.4372,-13.92,84,99,5.28,overcast clouds
237,Nevel,RU,56.0209,29.9284,44.65,87,100,6.31,light rain
238,Fort Nelson,CA,58.8053,-122.7002,10.4,67,90,11.5,snow
239,Tuktoyaktuk,CA,69.4541,-133.0374,-22.0,76,75,5.75,broken clouds
240,Libin,BE,49.9833,5.2833,48.99,98,100,10.49,overcast clouds
241,Ambulu,ID,-8.345,113.6058,76.33,90,31,2.77,scattered clouds
242,Altay,CN,47.8667,88.1167,37.08,38,0,8.08,clear sky
243,Lorengau,PG,-2.0226,147.2712,80.47,82,100,15.03,moderate rain
244,Deputatskiy,RU,69.3,139.9,-23.89,95,8,2.28,clear sky
245,Pangnirtung,CA,66.1451,-65.7125,15.8,86,90,1.68,overcast clouds
246,Onokhoy,RU,51.932,108.0747,32.0,59,20,5.37,few clouds
247,Tagusao,PH,9.1924,117.8141,78.91,81,84,3.49,light rain
248,Heihe,CN,50.2441,127.4902,35.6,80,20,6.71,few clouds
249,Victoria,HK,22.2855,114.1577,71.01,79,15,1.01,few clouds
250,Kanniyakumari,IN,8.0833,77.5667,82.56,72,2,5.28,clear sky
251,Eyl,SO,7.9803,49.8164,80.15,66,6,11.7,clear sky
252,Bonneville,FR,46.0802,6.4073,57.2,54,0,2.3,clear sky
253,Upernavik,GL,72.7868,-56.1549,20.59,82,100,9.42,overcast clouds
254,Bristol,US,41.8334,-71.1662,73.99,52,1,6.91,clear sky
255,Sao Joao Da Barra,BR,-21.6403,-41.0511,86.0,45,40,4.61,scattered clouds
256,Makakilo City,US,21.3469,-158.0858,69.01,72,1,3.44,clear sky
257,Korgen,NO,66.0771,13.8153,34.0,91,99,5.32,light snow
258,Mormugao,IN,15.4,73.8,81.57,73,44,9.15,scattered clouds
259,Havelock,US,34.8791,-76.9013,78.8,61,40,8.05,scattered clouds
260,Hibbing,US,47.4272,-92.9377,42.8,75,90,11.5,overcast clouds
261,Broome,US,42.2506,-75.833,73.0,58,68,1.99,broken clouds
262,Bathsheba,BB,13.2167,-59.5167,80.6,65,20,9.22,volcanic ash
263,Thinadhoo,MV,0.5333,72.9333,83.59,70,93,12.19,overcast clouds
264,Sao Desiderio,BR,-12.3633,-44.9733,88.54,34,100,6.35,moderate rain
265,Ugoofaaru,MV,5.6667,73.0,83.52,66,68,1.97,broken clouds
266,Ajdabiya,LY,30.7554,20.2263,64.06,36,72,6.93,broken clouds
267,Bereda,ES,43.2686,-7.5406,52.0,100,100,5.01,light rain
268,Sibi,PK,29.5448,67.8764,84.65,10,14,1.54,few clouds
269,Ayagoz,KZ,47.9714,80.4392,40.01,59,2,13.96,clear sky
270,Vermilion,US,40.1667,-87.7506,64.99,69,99,13.0,overcast clouds
271,Vyazemskiy,RU,47.5378,134.7525,42.94,40,33,11.05,scattered clouds
272,Quebo,GW,11.3333,-14.9333,88.32,39,7,12.82,clear sky
273,Camacha,PT,33.0833,-16.3333,66.2,82,40,11.5,scattered clouds
274,Oranjemund,NA,-28.55,16.4333,61.97,84,38,5.14,scattered clouds
275,Doka,SD,13.5167,35.7667,97.12,15,90,15.03,overcast clouds
276,Manoel Urbano,BR,-8.8389,-69.2597,83.44,67,99,5.12,overcast clouds
277,Fare,PF,-16.7,-151.0167,81.66,71,77,11.23,broken clouds
278,Kiruna,SE,67.8557,20.2251,24.8,46,40,6.91,scattered clouds
279,Sao Filipe,CV,14.8961,-24.4956,77.0,60,6,9.71,clear sky
280,Bend,US,44.0582,-121.3153,46.0,42,40,10.36,scattered clouds
281,Quzhou,CN,28.9594,118.8686,57.04,76,100,5.44,light rain
282,Mehamn,NO,71.0357,27.8492,28.36,75,93,17.38,overcast clouds
283,Bud,US,39.447,-86.1758,61.0,95,99,13.91,heavy intensity rain
284,Praia Da Vitoria,PT,38.7333,-27.0667,60.8,94,75,17.81,broken clouds
285,Kamaishi,JP,39.2667,141.8833,39.0,67,5,5.97,clear sky
286,Iqaluit,CA,63.7506,-68.5145,23.0,74,90,13.8,overcast clouds
287,Port Lincoln,AU,-34.7333,135.8667,58.05,63,95,14.88,overcast clouds
288,Erenhot,CN,43.6475,111.9767,50.67,57,76,3.58,broken clouds
289,Nowshera,PK,34.0058,71.9977,75.2,33,40,16.11,haze
290,Lovington,US,32.944,-103.3485,63.0,18,2,5.99,clear sky
291,Bilma,NE,18.6853,12.9164,92.12,5,54,10.45,broken clouds
292,Cherskiy,RU,68.75,161.3,-25.56,94,98,2.01,overcast clouds
293,Dingle,PH,10.9995,122.6711,75.54,82,57,5.59,broken clouds
294,Caravelas,BR,-17.7125,-39.2481,81.73,61,26,8.21,scattered clouds
295,Toamasina,MG,-18.1667,49.3833,78.8,89,40,3.44,light rain
296,Morondava,MG,-20.2833,44.2833,79.88,77,66,9.4,broken clouds
297,Ust-Karsk,RU,52.7011,118.8077,25.0,45,72,3.58,broken clouds
298,Camocim,BR,-2.9022,-40.8411,82.08,79,82,12.37,broken clouds
299,Providencia,MX,28.7167,-111.5833,82.99,41,25,8.01,scattered clouds
300,Singaraja,ID,-8.112,115.0882,78.82,82,6,3.65,clear sky
301,Plettenberg Bay,ZA,-34.0527,23.3716,62.17,90,100,3.27,overcast clouds
302,Carnarvon,AU,-24.8667,113.6333,77.0,83,97,13.8,overcast clouds
303,Okha,RU,53.5739,142.9478,25.79,88,11,11.3,few clouds
304,Araguari,BR,-18.6472,-48.1872,78.8,38,20,8.05,few clouds
305,Meulaboh,ID,4.1363,96.1285,78.01,86,93,2.37,overcast clouds
306,Rafai,CF,4.95,23.9167,77.49,68,99,4.76,overcast clouds
307,Srednekolymsk,RU,67.45,153.6833,-13.72,97,100,6.91,overcast clouds
308,Olinda,BR,-8.0089,-34.8553,78.8,83,75,6.91,light rain
309,Isangel,VU,-19.55,169.2667,77.18,91,100,15.7,overcast clouds
310,Hasaki,JP,35.7333,140.8333,41.0,87,20,6.91,few clouds
311,Padang,ID,-0.9492,100.3543,77.0,94,40,2.3,scattered clouds
312,Port Moresby,PG,-9.4431,147.1797,75.2,100,40,5.75,scattered clouds
313,Pacific Grove,US,36.6177,-121.9166,54.0,62,90,9.22,overcast clouds
314,Constitucion,CL,-35.3333,-72.4167,63.41,56,0,12.88,clear sky
315,Carauari,BR,-4.8828,-66.8958,86.07,68,100,2.48,overcast clouds
316,Kavaratti,IN,10.5669,72.642,82.99,72,0,9.42,clear sky
317,Nouadhibou,MR,20.931,-17.0347,75.2,57,33,23.02,sand
318,San Andres,CO,12.5847,-81.7006,86.0,70,75,16.11,broken clouds
319,Mangrol,IN,21.1167,70.1167,79.84,68,0,13.22,clear sky
320,Sevsk,RU,52.1491,34.4926,41.72,55,2,5.66,clear sky
321,Okato,NZ,-39.2,173.8833,61.0,97,46,3.0,scattered clouds
322,Alugan,PH,12.2188,125.4808,78.71,81,99,10.07,overcast clouds
323,San Cristobal,VE,7.7669,-72.225,84.2,54,40,23.02,scattered clouds
324,Tatarsk,RU,55.219,75.9828,33.01,90,100,6.42,overcast clouds
325,Derzhavinsk,KZ,51.1,66.3167,33.8,88,39,12.66,scattered clouds
326,Half Moon Bay,US,37.4636,-122.4286,60.01,71,1,9.22,haze
327,Pisco,PE,-13.7,-76.2167,73.99,64,0,9.22,clear sky
328,Jalu,LY,29.0331,21.5482,64.92,21,59,9.55,broken clouds
329,Dawson,US,31.7735,-84.4466,68.0,94,90,8.05,moderate rain
330,Iwaki,JP,37.05,140.8833,27.0,94,7,4.85,clear sky
331,Topolobampo,MX,25.6,-109.05,75.2,64,40,9.22,scattered clouds
332,Ojinaga,MX,29.5667,-104.4167,77.0,19,1,4.61,clear sky
333,Fortuna,US,40.5982,-124.1573,55.0,62,20,11.5,few clouds
334,Veraval,IN,20.9,70.3667,79.59,70,0,12.62,clear sky
335,Kununurra,AU,-15.7667,128.7333,69.8,88,69,5.75,broken clouds
336,Bethel,US,41.3712,-73.414,70.0,56,90,12.66,overcast clouds
337,Farafangana,MG,-22.8167,47.8333,76.33,83,76,2.46,broken clouds
338,Gimli,CA,50.6336,-96.9907,33.8,80,57,10.36,broken clouds
339,Gornopravdinsk,RU,60.05,69.9,36.5,99,100,4.05,overcast clouds
340,Lockhart,US,28.6194,-81.4426,90.0,42,1,11.5,clear sky
341,Laguna,US,38.421,-121.4238,63.0,55,1,5.75,clear sky
342,Flin Flon,CA,54.7682,-101.865,35.6,64,75,9.22,broken clouds
343,Balurghat,IN,25.2167,88.7667,81.32,48,0,12.46,clear sky
344,Vila Do Maio,CV,15.1333,-23.2167,78.8,53,20,21.85,few clouds
345,Mount Gambier,AU,-37.8333,140.7667,50.0,76,40,17.27,scattered clouds
346,Ilo,PE,-17.6394,-71.3375,71.6,73,75,8.05,broken clouds
347,Asau,RO,46.4333,26.4,48.2,46,0,6.91,clear sky
348,Hovd,MN,48.0056,91.6419,31.71,66,100,3.74,overcast clouds
349,Port Hueneme,US,34.1478,-119.1951,64.99,82,40,11.5,haze
350,Salalah,OM,17.0151,54.0924,82.4,74,40,6.91,scattered clouds
351,Seymchan,RU,62.8833,152.4333,-11.22,91,100,5.79,overcast clouds
352,Montbrison,FR,45.6667,4.0833,55.99,58,0,17.27,clear sky
353,Comodoro Rivadavia,AR,-45.8667,-67.5,60.8,39,0,21.85,clear sky
354,Talara,PE,-4.5772,-81.2719,87.8,58,97,11.5,overcast clouds
355,Cap-Aux-Meules,CA,47.3821,-61.8597,33.8,64,93,18.41,overcast clouds
356,Ocos,GT,14.5094,-92.1933,89.6,58,20,11.65,few clouds
357,Bangkalan,ID,-7.0455,112.7351,78.8,94,40,5.75,scattered clouds
358,Mahebourg,MU,-20.4081,57.7,78.8,78,40,11.5,scattered clouds
359,Khipro,PK,25.8285,69.3772,88.95,11,0,7.27,clear sky
360,Kirzhach,RU,56.15,38.8667,34.63,78,4,5.99,clear sky
361,Tilichiki,RU,60.4667,166.1,5.29,83,100,14.81,overcast clouds
362,Grand Gaube,MU,-20.0064,57.6608,80.01,75,99,5.99,light rain
363,Faanui,PF,-16.4833,-151.75,81.9,75,97,10.54,overcast clouds
364,Evensk,RU,61.95,159.2333,5.85,75,100,9.71,overcast clouds
365,Matipo,BR,-20.2839,-42.3411,76.21,55,0,3.09,clear sky
366,Mandalgovi,MN,45.7625,106.2708,36.0,77,39,15.21,scattered clouds
367,Norman Wells,CA,65.282,-126.8329,-9.4,64,90,10.36,light snow
368,Saint-Pierre,RE,-21.3393,55.4781,80.6,65,90,3.44,light rain
369,Stokmarknes,NO,68.5646,14.9108,36.0,88,89,15.01,light snow
370,Jacksonville,US,30.3322,-81.6556,86.0,50,75,14.97,broken clouds
371,Cermik,TR,38.1361,39.4493,55.4,44,40,9.22,scattered clouds
372,Meadow Lake,US,34.8014,-106.5436,68.0,17,20,5.86,few clouds
373,Herat,AF,34.5,62.0,69.8,23,0,6.91,clear sky
374,Berdigestyakh,RU,62.0989,126.6992,7.12,95,100,6.89,overcast clouds
375,Mitchell,US,43.7094,-98.0298,55.4,28,1,10.36,clear sky
376,Bumba,CD,2.1833,22.4667,76.8,77,87,3.42,overcast clouds
377,Broadstairs,GB,51.3591,1.4394,41.0,82,100,5.01,moderate rain
378,Luanda,AO,-8.8368,13.2343,86.0,74,40,6.91,scattered clouds
379,Pontianak,ID,-0.0333,109.3333,77.0,94,90,3.44,overcast clouds
380,College,US,64.8569,-147.8028,-5.01,76,20,4.23,few clouds
381,Rafaela,AR,-31.2503,-61.4867,73.99,93,98,1.99,overcast clouds
382,Upington,ZA,-28.4478,21.2561,82.4,26,0,5.75,clear sky
383,Stanislav,UA,46.5691,32.1478,48.2,53,0,8.68,clear sky
384,Conakry,GN,9.538,-13.6773,87.8,66,0,13.8,clear sky
385,Medicine Hat,CA,50.0501,-110.6683,45.0,70,90,17.27,mist
386,Hualmay,PE,-11.0964,-77.6139,74.01,75,97,7.85,overcast clouds
387,Tukrah,LY,32.5341,20.5791,54.79,62,21,18.9,few clouds
388,Abu Dhabi,AE,24.4667,54.3667,86.0,42,0,5.75,clear sky
389,Dorado,PR,18.4588,-66.2677,82.99,57,40,11.5,scattered clouds
390,Oyonnax,FR,46.2592,5.6573,57.2,44,20,12.66,few clouds
391,Aklavik,CA,68.2191,-135.0107,-14.8,70,40,9.22,scattered clouds
392,Lasa,IT,46.6166,10.7002,55.4,87,75,6.91,broken clouds
393,Naifaru,MV,5.4444,73.3657,83.61,66,25,4.61,scattered clouds
394,Waingapu,ID,-9.6567,120.2641,76.42,81,2,4.81,clear sky
395,Los Llanos De Aridane,ES,28.6585,-17.9182,69.8,68,20,4.61,few clouds
396,Kintampo,GH,8.0563,-1.7306,95.31,25,99,5.61,overcast clouds
397,San Patricio,US,28.017,-97.5169,82.4,42,40,14.97,scattered clouds
398,Progreso,MX,21.2833,-89.6667,98.01,49,75,20.71,broken clouds
399,Viedma,AR,-40.8135,-62.9967,67.69,40,100,3.29,overcast clouds
400,Sumbe,AO,-11.2061,13.8437,80.76,83,94,1.45,light rain
401,Corn Island,NI,12.1694,-83.0418,80.56,79,54,10.31,broken clouds
402,Labuhan,ID,-6.8844,112.2051,78.37,89,89,4.68,light rain
403,Kuala Terengganu,MY,5.3302,103.1408,80.6,89,20,2.3,few clouds
404,Jaynagar-Majilpur,IN,22.1758,88.4178,82.4,89,20,9.22,haze
405,Nyurba,RU,63.2842,118.3319,10.09,91,100,10.56,overcast clouds
406,Clyde River,CA,70.4692,-68.5914,32.0,69,1,9.22,clear sky
407,Aykhal,RU,66.0,111.5,-10.07,100,88,7.43,overcast clouds
408,Basoko,CD,1.2391,23.616,76.37,79,98,3.0,light rain
409,Lishan,CN,31.8576,113.2951,58.5,72,100,1.48,overcast clouds
410,Nishihara,JP,26.1842,127.7558,71.6,78,75,19.57,broken clouds
411,Edson,CA,53.5835,-116.4356,33.8,75,90,14.97,light snow
412,Gigmoto,PH,13.7796,124.39,76.75,82,100,9.13,overcast clouds
413,Marigot,MF,18.0667,-63.0833,84.2,42,20,11.5,few clouds
414,Gold Coast,AU,-28.0,153.4333,70.0,88,14,2.3,few clouds
415,Grindavik,IS,63.8424,-22.4338,33.8,86,90,13.8,overcast clouds
416,Burns Lake,CA,54.2331,-125.7533,30.2,51,99,8.05,overcast clouds
417,La Grande,US,45.3246,-118.0877,45.0,72,95,1.99,overcast clouds
418,Gobabis,NA,-22.45,18.9667,71.19,32,1,9.17,clear sky
419,San Juan,AR,-31.5375,-68.5364,57.76,62,100,19.69,overcast clouds
420,Corinth,GR,37.9407,22.9573,50.0,42,45,3.0,scattered clouds
421,Marilia,BR,-22.2139,-49.9458,86.0,39,0,11.5,clear sky
422,Dengfeng,CN,34.4553,113.0281,50.49,62,97,3.69,overcast clouds
423,Novikovo,RU,51.1537,37.8879,44.1,53,3,6.44,clear sky
424,Kruisfontein,ZA,-34.0033,24.7314,61.0,95,97,1.01,overcast clouds
425,Roebourne,AU,-20.7833,117.1333,83.21,74,100,12.75,overcast clouds
426,Umea,SE,63.8284,20.2597,33.8,93,40,3.44,scattered clouds
427,Coahuayana,MX,18.7333,-103.6833,84.2,30,1,7.25,clear sky
428,Salinopolis,BR,-0.6136,-47.3561,84.07,70,47,12.28,scattered clouds
429,Atar,MR,20.5169,-13.0499,97.07,10,0,11.45,clear sky
430,Alofi,NU,-19.0595,-169.9187,73.4,94,27,5.75,scattered clouds
431,Tonekabon,IR,36.8163,50.8738,55.4,94,90,4.61,mist
432,Paamiut,GL,61.994,-49.6678,34.41,88,38,8.97,scattered clouds
433,Colac,AU,-38.3333,143.5833,41.0,93,81,13.89,broken clouds
434,Zamora,EC,-4.0692,-78.9567,82.4,39,40,4.61,moderate rain
435,Harper,LR,4.375,-7.7169,82.35,77,100,10.67,overcast clouds
436,Carutapera,BR,-1.195,-46.02,83.97,70,37,9.06,light rain
437,Cayenne,GF,4.9333,-52.3333,84.2,84,40,8.05,light rain
438,Zenzeli,RU,45.9241,47.0474,57.99,57,69,8.66,broken clouds
439,Chon Daen,TH,16.1895,100.8596,84.74,56,50,3.13,scattered clouds
440,Saldanha,ZA,-33.0117,17.9442,66.2,77,99,9.22,overcast clouds
441,Valreas,FR,44.3837,4.9908,55.4,58,90,8.05,overcast clouds
442,Sainte-Rose,GP,16.3324,-61.6979,82.4,54,40,11.5,scattered clouds
443,Fonte Boa,BR,-2.4959,-66.2662,87.08,66,100,1.86,overcast clouds
444,Mikun,RU,62.3547,50.0771,34.72,86,5,8.81,clear sky
445,Sambava,MG,-14.2667,50.1667,77.41,86,100,9.01,light rain
446,Dunda,TZ,-8.1167,34.25,65.57,92,96,1.72,moderate rain
447,Khandyga,RU,62.6667,135.6,16.54,79,100,9.82,overcast clouds
448,Sorong,ID,-0.8833,131.25,78.67,84,100,1.41,overcast clouds
449,Riviere-Au-Renard,CA,48.9957,-64.3971,35.6,48,20,13.8,few clouds
450,Goderich,CA,43.7501,-81.7165,64.4,59,98,5.75,overcast clouds
451,Qesarya,IL,32.5189,34.9046,55.99,71,40,17.27,scattered clouds
452,Mayumba,GA,-3.432,10.6554,78.19,87,100,4.72,overcast clouds
453,Imbituba,BR,-28.24,-48.6703,87.8,55,0,12.66,clear sky
454,Atbasar,KZ,51.8,68.3333,30.76,89,8,10.78,clear sky
455,Mogadouro,PT,41.3403,-6.7119,53.01,86,100,1.01,light rain
456,Bulancak,TR,40.9372,38.2291,44.6,87,75,6.91,broken clouds
457,Ponta Delgada,PT,37.7333,-25.6667,62.6,94,75,11.5,broken clouds
458,Tashara,RU,55.5195,83.5094,28.22,95,11,2.95,few clouds
459,Menongue,AO,-14.6585,17.691,66.16,63,75,3.22,broken clouds
460,Buraydah,SA,26.326,43.975,84.2,26,0,17.27,clear sky
461,Trindade,BR,-16.6494,-49.4889,82.4,47,40,10.36,scattered clouds
462,Campbell River,CA,50.0163,-125.2446,48.0,56,20,13.8,few clouds
463,Irtyshskiy,RU,58.3333,68.1333,38.32,98,100,8.75,overcast clouds
464,San Vicente,AR,-26.6167,-54.1333,87.98,29,48,4.59,scattered clouds
465,Pastos Bons,BR,-6.6017,-44.0767,89.31,45,98,7.27,overcast clouds
466,Batagay,RU,67.6333,134.6333,-26.79,100,73,2.42,broken clouds
467,Yong Peng,MY,2.0136,103.0659,74.46,95,8,2.59,clear sky
468,Iskateley,RU,67.6803,53.1512,37.53,86,100,22.59,overcast clouds
469,Noumea,NC,-22.2763,166.4572,78.01,88,90,11.5,overcast clouds
470,The Valley,AI,18.217,-63.0578,84.2,50,20,10.36,few clouds
471,Vila Velha,BR,-20.3297,-40.2925,81.0,54,0,9.22,clear sky
472,Crotone,IT,39.0851,17.1178,53.6,66,0,12.66,clear sky
473,Sao Jose Da Coroa Grande,BR,-8.8978,-35.1478,80.49,82,92,11.16,overcast clouds
474,Nan,TH,18.8333,100.6667,76.51,75,58,0.81,broken clouds
475,Batagay-Alyta,RU,67.8006,130.4114,-20.6,87,66,6.82,broken clouds
476,Usinsk,RU,65.9939,57.5281,35.1,77,73,24.34,broken clouds
477,Foso,GH,5.7012,-1.2866,83.52,67,94,9.57,light rain
478,Inhambane,MZ,-23.865,35.3833,77.0,78,20,6.98,few clouds
479,Lincoln,US,40.8,-96.667,59.0,38,1,17.27,clear sky
480,Saint Andrews,US,34.0454,-81.1293,75.99,64,90,9.22,overcast clouds
481,Korla,CN,41.7597,86.1469,57.54,40,2,2.64,clear sky
482,Tongchuan,CN,35.0806,109.0897,50.04,62,100,4.79,moderate rain
483,Kyshtovka,RU,56.555,76.6271,30.7,96,79,3.85,broken clouds
484,Gambela,ET,8.25,34.5833,86.63,28,95,4.25,overcast clouds
485,Santiago,CL,-33.4569,-70.6483,72.0,55,20,4.61,few clouds
486,Shieli,KZ,44.1667,66.75,50.59,39,0,15.32,clear sky
487,Bonthe,SL,7.5264,-12.505,84.29,72,74,9.91,broken clouds
488,Ancud,CL,-41.8697,-73.8203,57.99,83,89,14.0,overcast clouds
489,Rorvik,NO,64.8621,11.2373,39.25,67,97,13.69,overcast clouds
490,Namatanai,PG,-3.6667,152.4333,78.37,86,100,8.52,light rain
491,Shirokiy,RU,49.758,129.523,46.51,68,100,6.26,overcast clouds
492,High Rock,BS,26.6208,-78.2833,76.08,68,0,18.45,clear sky
493,Buala,SB,-8.145,159.5921,78.85,82,99,4.47,light rain
494,Sobolevo,RU,54.4299,31.8996,42.87,64,30,10.47,scattered clouds
495,Nago,JP,26.5881,127.9761,69.8,83,1,17.27,clear sky
496,Bogovarovo,RU,58.9785,47.0246,29.98,95,6,4.56,clear sky
497,Shiraoi,JP,42.55,141.35,32.0,86,75,3.47,broken clouds
498,Antsirabe,MG,-19.85,47.0333,58.37,96,97,3.24,overcast clouds
499,Carnaiba,BR,-8.7,-37.6667,85.48,46,99,18.92,overcast clouds
500,Alice Springs,AU,-23.7,133.8833,61.0,67,0,5.75,clear sky
501,Barra Do Bugres,BR,-15.0725,-57.1811,91.54,43,68,5.57,broken clouds
502,Rocha,UY,-34.4833,-54.3333,66.7,99,100,1.5,moderate rain
503,Chara,RU,56.9064,118.2631,-0.6,81,78,3.15,broken clouds
504,Lamar,US,33.6668,-95.5836,66.0,51,1,14.97,clear sky
505,Kashi,CN,39.4547,75.9797,55.4,30,1,6.71,clear sky
506,Adrar,MR,20.5022,-10.0711,94.37,10,0,7.63,clear sky
507,Demba,CD,-5.51,22.2667,70.97,92,96,3.87,overcast clouds
508,Kathmandu,NP,27.7167,85.3167,60.8,55,20,3.44,few clouds
509,Lata,PT,40.1629,-8.3327,62.01,88,99,2.59,overcast clouds
510,Urucara,BR,-2.5364,-57.76,87.19,64,62,3.74,broken clouds
511,Chase,CA,50.8165,-119.6857,46.0,39,99,5.75,overcast clouds
512,Itoman,JP,26.1247,127.6694,71.6,73,20,13.8,few clouds
513,Arlit,NE,18.7369,7.3853,93.15,5,0,8.05,clear sky
514,Shanghai,CN,31.2222,121.4581,59.0,82,0,6.71,light rain
515,Polis,CY,35.0367,32.4264,57.2,38,40,12.66,scattered clouds
516,Maragogi,BR,-9.0122,-35.2225,80.4,81,99,10.71,overcast clouds
517,Orlik,RU,52.5178,99.825,18.97,83,95,6.02,overcast clouds
518,Faya,SA,18.3851,42.4509,69.8,48,20,6.91,few clouds
519,Alihe,CN,50.5667,123.7167,32.27,66,11,3.11,few clouds
520,Petrozavodsk,RU,61.7849,34.3469,35.6,93,100,15.66,light rain
521,Pecos,US,31.4229,-103.4932,62.6,16,1,5.75,clear sky
522,Oistins,BB,13.0667,-59.5333,80.6,65,20,9.22,volcanic ash
523,Ismailia,EG,30.6043,32.2723,55.04,43,0,16.08,clear sky
524,Shihezi,CN,44.3,86.0333,54.41,39,48,7.63,scattered clouds
525,Hobyo,SO,5.3505,48.5268,83.03,65,13,14.52,few clouds
526,Rabat,MA,33.9911,-6.8401,66.2,72,40,8.05,scattered clouds
527,Opuwo,NA,-18.0607,13.84,74.43,29,11,9.31,few clouds
528,Brits,ZA,-25.6347,27.7802,73.4,46,0,3.44,clear sky
529,Qianan,CN,44.9932,124.0581,53.98,48,99,13.38,overcast clouds
530,Tual,ID,-5.6667,132.75,82.89,69,100,8.28,overcast clouds
531,Kuah,MY,6.3265,99.8432,77.0,94,20,1.14,few clouds
532,Ewa Beach,US,21.3156,-158.0072,69.01,72,1,3.44,clear sky
533,Petropavlovsk-Kamchatskiy,RU,53.0452,158.6483,26.6,80,50,4.47,scattered clouds
534,Sernur,RU,56.9333,49.1536,33.42,99,100,4.79,snow
535,Along,IN,28.1667,94.7667,61.2,93,38,2.98,scattered clouds
536,Todos Santos,MX,23.45,-110.2167,71.01,77,100,4.0,overcast clouds
537,Shache,CN,38.4167,77.2406,57.31,25,4,1.79,clear sky
538,Pafos,CY,34.7667,32.4167,57.2,38,40,12.66,scattered clouds
539,Moba,CN,33.2288,105.0179,42.89,93,100,2.93,overcast clouds
540,Coihaique,CL,-45.5752,-72.0662,53.6,54,75,9.22,broken clouds
541,Bobbili,IN,18.5667,83.3667,79.39,67,42,1.97,scattered clouds
542,Kamenka,RU,51.3223,42.7678,42.01,84,93,11.61,overcast clouds
543,Chilca,PE,-12.5211,-76.7372,73.4,68,0,9.22,clear sky
544,Korhogo,CI,9.45,-5.6333,93.85,25,99,8.99,overcast clouds
545,Ha Tinh,VN,18.3333,105.9,71.89,93,26,2.33,scattered clouds
546,Bugiri,UG,0.5714,33.7417,69.33,82,97,6.55,overcast clouds
547,Humberto De Campos,BR,-2.5983,-43.4611,87.3,62,61,7.81,broken clouds
548,Port Blair,IN,11.6667,92.75,81.95,75,41,4.83,scattered clouds
549,Selizharovo,RU,56.8519,33.4487,45.52,61,87,11.65,overcast clouds
550,Sechura,PE,-5.5569,-80.8222,80.29,61,74,6.6,broken clouds
551,Addanki,IN,15.8167,79.9833,78.96,83,1,3.87,clear sky
552,Yate,GB,51.5407,-2.4184,42.01,83,99,3.0,light rain
553,Baihar,IN,22.1,80.55,79.27,34,29,1.19,scattered clouds
554,Careiro Da Varzea,BR,-3.2003,-59.8119,87.8,66,40,4.61,light rain
555,Lat Yao,TH,15.751,99.7893,79.0,98,57,2.62,broken clouds
556,Sembakung,ID,3.8167,117.25,77.0,94,40,2.3,scattered clouds
557,Port Hardy,CA,50.6996,-127.4199,41.0,75,20,5.75,light rain
558,Luocheng,CN,29.3848,104.0286,55.78,92,100,2.89,overcast clouds
559,Shizunai,JP,42.3339,142.3669,37.9,69,67,6.82,broken clouds
560,Sur,OM,22.5667,59.5289,81.59,64,0,12.12,clear sky
561,Paralimni,CY,35.0375,33.9833,55.4,47,20,5.75,few clouds
562,Acarau,BR,-2.8856,-40.12,85.1,69,64,17.54,broken clouds
563,Obera,AR,-27.4871,-55.1199,91.18,28,61,6.58,broken clouds
564,Thompson,CA,55.7435,-97.8558,33.8,69,75,3.44,broken clouds
565,Sungaipenuh,ID,-2.0833,101.3833,64.8,95,100,2.71,overcast clouds
566,Mabaruma,GY,8.2,-59.7833,83.12,74,99,6.17,overcast clouds
567,Samana,DO,19.2056,-69.3369,80.6,74,40,11.5,scattered clouds
568,Burnie,AU,-41.0667,145.9167,42.01,84,48,15.01,light rain
569,Verkhnevilyuysk,RU,63.4453,120.3167,12.52,92,100,8.75,overcast clouds
570,Kendari,ID,-3.945,122.4989,74.41,93,100,3.71,overcast clouds
571,Mafeteng,LS,-29.823,27.2374,62.62,40,40,3.69,scattered clouds
572,Watsa,CD,3.0372,29.5355,63.97,97,99,3.18,light rain
573,Areia Branca,BR,-4.9561,-37.1369,86.0,70,40,11.5,scattered clouds
574,Tibiri,NE,13.5627,7.0485,104.0,3,0,6.91,clear sky
575,Srandakan,ID,-7.9386,110.2506,79.21,84,100,2.66,moderate rain
576,Oyama,JP,36.3,139.8,53.01,81,20,3.44,few clouds
577,Goure,NE,13.9835,10.2704,91.13,6,86,9.98,overcast clouds
578,Samarai,PG,-10.6167,150.6667,80.56,74,91,12.91,overcast clouds
579,Bairiki,KI,1.3292,172.9752,77.0,94,90,1.14,overcast clouds
580,Gwadar,PK,25.1216,62.3254,78.82,73,0,10.2,clear sky
581,Ornskoldsvik,SE,63.2909,18.7153,33.8,80,75,8.05,broken clouds
582,Nueva Loja,EC,0.0847,-76.8828,82.4,65,0,3.44,clear sky
583,Takoradi,GH,4.8845,-1.7554,83.41,76,99,13.4,overcast clouds
584,Vieste,IT,41.8825,16.175,57.2,72,0,10.36,clear sky
585,Nanortalik,GL,60.1432,-45.2371,37.36,89,100,8.46,overcast clouds
586,Ndele,CF,8.4109,20.6473,87.46,20,86,2.73,overcast clouds
587,Waseca,US,44.0777,-93.5074,45.0,76,90,11.5,overcast clouds
588,Manzanillo,CU,20.3433,-77.1167,89.56,43,95,7.27,overcast clouds
589,Nabire,ID,-3.3667,135.4833,74.84,95,100,5.48,light rain
590,Yulara,AU,-25.2406,130.9889,64.4,52,0,10.36,clear sky
591,Awash,ET,8.9833,40.1667,85.05,28,70,11.27,broken clouds
592,Taian,CN,36.1853,117.12,62.01,51,100,6.89,overcast clouds
593,Tautira,PF,-17.7333,-149.15,80.6,69,75,2.3,light rain
594,Hami,CN,42.8,93.45,56.91,33,51,7.31,broken clouds
595,Hofn,IS,64.2539,-15.2082,33.42,41,2,4.7,clear sky
596,Vengerovo,RU,55.6848,76.7471,25.47,95,72,3.24,broken clouds
597,Dembi Dolo,ET,8.5333,34.8,68.88,32,98,4.72,overcast clouds
598,Nizhnevartovsk,RU,60.9344,76.5531,42.8,45,0,6.71,moderate rain
599,Kiama,AU,-34.6833,150.8667,60.01,65,0,5.99,clear sky
600,Kaputa,ZM,-8.4689,29.6619,68.16,90,100,0.67,light rain
601,Myrtle Beach,US,33.6891,-78.8867,73.99,88,90,16.11,overcast clouds
602,Oudtshoorn,ZA,-33.5907,22.2014,59.0,94,0,4.61,clear sky
603,Nagato,JP,34.3833,131.2,51.8,76,0,3.44,clear sky
604,Macenta,GN,8.5435,-9.471,87.73,41,85,4.68,overcast clouds
605,Belyy Gorodok,RU,56.965,37.5125,40.35,69,22,9.89,few clouds
606,Puerto Lleras,CO,3.0223,-73.4044,80.82,77,94,5.68,overcast clouds
607,Umm Lajj,SA,25.0213,37.2685,71.8,49,0,17.38,clear sky
608,Bismarck,US,46.8083,-100.7837,60.01,23,1,8.05,clear sky
609,Borogontsy,RU,62.6683,131.1683,11.34,88,100,8.81,overcast clouds
610,Gibara,CU,21.1097,-76.1317,86.0,45,40,6.91,scattered clouds
611,Cocobeach,GA,1.0002,9.5823,84.2,84,40,8.05,moderate rain
612,Byron Bay,AU,-28.65,153.6167,64.4,77,13,4.61,few clouds
613,Belyy Yar,RU,53.6039,91.3903,28.4,74,0,4.47,clear sky
614,Le Vauclin,MQ,14.5452,-60.8388,80.6,69,75,11.5,broken clouds
615,Kenai,US,60.5544,-151.2583,12.99,52,90,9.22,overcast clouds
616,Norilsk,RU,69.3535,88.2027,32.63,98,100,6.82,snow
617,Susanville,US,40.4163,-120.653,60.01,33,1,5.14,clear sky
618,Martapura,ID,-3.4167,114.85,77.0,94,90,1.14,overcast clouds
619,Amazar,RU,53.858,120.875,16.09,70,57,3.94,broken clouds
620,Blagoyevo,RU,63.3667,47.9167,38.55,80,100,13.38,overcast clouds
621,Marzuq,YE,14.4,46.4667,68.77,47,2,7.74,clear sky
622,Omboue,GA,-1.5746,9.2618,78.4,83,100,4.76,overcast clouds
623,Ferrol,ES,43.4832,-8.2369,55.99,88,100,15.01,overcast clouds
624,Chernyshevskiy,RU,63.0128,112.4714,-14.28,99,59,4.34,broken clouds
625,Bulungu,CD,-4.55,18.6,74.97,86,96,2.13,light rain
626,Dunedin,NZ,-45.8742,170.5036,61.0,59,100,4.36,overcast clouds
627,Bafoulabe,ML,13.8065,-10.8321,106.11,8,3,0.87,clear sky
628,Arbuzynka,UA,47.9097,31.3196,45.97,37,4,3.09,clear sky
629,Abay,KZ,49.6311,72.8539,37.4,65,0,15.66,clear sky
630,Krasnoselkup,RU,65.7,82.4667,33.22,97,100,14.0,overcast clouds
631,Hare Bay,CA,48.8499,-54.0148,30.2,100,100,5.75,light snow
632,Roma,US,43.2128,-75.4557,75.0,49,1,4.61,clear sky
633,Bac Lieu,VN,9.285,105.7244,81.52,76,21,14.2,few clouds
634,Naduvattam,IN,11.4833,76.5667,57.07,69,19,3.24,few clouds
635,Pierre,US,44.3683,-100.351,51.8,28,1,6.91,clear sky
636,Egvekinot,RU,66.3167,-179.1667,-5.1,83,100,12.41,overcast clouds
637,Guerrero Negro,MX,27.9769,-114.0611,66.29,61,78,14.32,broken clouds
638,Vostok,RU,46.4856,135.8833,27.55,70,3,5.93,clear sky
639,Tessalit,ML,20.1986,1.0114,94.84,8,1,9.78,clear sky
640,San Matias,BO,-16.3667,-58.4,92.43,43,54,6.82,broken clouds
641,Pinar Del Rio,CU,22.4175,-83.6981,89.55,47,57,17.69,broken clouds
642,Toora-Khem,RU,52.4675,96.11,26.58,92,90,3.94,overcast clouds
643,Bouar,CF,5.934,15.596,72.99,63,60,2.06,broken clouds
644,Yaan,NG,7.3833,8.5667,94.46,30,43,5.66,scattered clouds
645,Hoquiam,US,46.9809,-123.8893,46.0,70,1,10.36,clear sky
646,Non Sung,TH,15.1801,102.2569,90.0,73,67,1.48,broken clouds
647,Kasongo,CD,-4.45,26.6667,69.73,96,99,4.09,light rain
648,Kasongo-Lunda,CD,-6.4667,16.8167,71.71,93,100,1.07,overcast clouds
649,Namie,JP,37.4833,141.0,36.0,86,4,5.28,clear sky
650,Sri Aman,MY,1.2376,111.4621,77.0,94,96,0.56,moderate rain
651,Saint-Francois,FR,46.4154,3.9054,57.2,67,0,8.05,clear sky
652,Beloha,MG,-25.1667,45.05,72.5,85,3,10.18,clear sky
653,Papara,BR,-3.9839,-38.7273,87.8,62,20,16.11,few clouds
654,Nara,JP,34.6851,135.8049,46.99,54,59,3.13,broken clouds
655,Nanchong,CN,30.7951,106.0847,55.99,94,100,4.72,overcast clouds
656,Metro,ID,-5.1131,105.3067,75.83,92,88,1.52,overcast clouds
657,Jawhar,SO,2.7809,45.5005,81.18,71,81,11.18,broken clouds
658,Champerico,GT,14.3,-91.9167,89.6,70,40,6.91,scattered clouds
659,Qaqortoq,GL,60.7167,-46.0333,44.6,61,20,8.05,few clouds
660,Baruun-Urt,MN,46.6806,113.2792,34.23,61,97,6.69,overcast clouds
661,Nuzvid,IN,16.7833,80.85,84.2,74,19,2.3,mist
662,Port Macquarie,AU,-31.4333,152.9167,57.99,92,9,1.01,clear sky
663,Aromashevo,RU,56.8602,68.6375,35.26,98,100,7.43,overcast clouds
664,Kattivakkam,IN,13.2167,80.3167,82.4,69,20,6.91,few clouds
665,Doha,QA,25.2867,51.5333,77.0,78,0,4.61,clear sky
666,Prince Rupert,CA,54.3161,-130.3201,35.6,93,90,3.44,moderate rain
667,Astana,KZ,51.1801,71.446,37.4,75,0,20.13,clear sky
668,Miramar,US,25.9873,-80.2323,84.0,57,75,17.27,broken clouds
669,Ostersund,SE,63.1792,14.6357,30.99,74,70,17.27,broken clouds
670,Selenduma,RU,50.9131,106.2406,29.53,58,99,10.29,overcast clouds
671,Gandu,BR,-13.7439,-39.4867,76.75,89,98,4.81,light rain
672,Canton,CN,23.1167,113.25,73.99,36,53,7.58,light rain
673,Greytown,ZA,-29.0642,30.5928,64.92,66,2,1.07,clear sky
674,Inuvik,CA,68.3499,-133.7218,-14.8,64,100,3.44,overcast clouds
675,Tupik,RU,54.4253,119.9327,4.32,91,76,2.06,broken clouds
676,Vagur,FO,61.4732,-6.8119,35.26,54,95,16.28,overcast clouds
677,Nouakchott,MR,18.0858,-15.9785,80.6,47,89,23.02,overcast clouds
678,Marsh Harbour,BS,26.5412,-77.0636,76.24,63,2,18.48,clear sky
679,Badvel,IN,14.75,79.05,78.04,79,1,6.35,clear sky
680,Richards Bay,ZA,-28.783,32.0377,72.18,83,2,10.33,clear sky
